{
  "version": "2021.2",
  "applications": [],
  "platforms": [
    {
      "name": "design_1_wrapper"
    }
  ],
  "systems": [
    {
      "name": "FPGA_VGA_wt_project_system",
      "platform": "F:/Vitis/FPGA_VGA_walkthrough_workspace/design_1_wrapper/export/design_1_wrapper/design_1_wrapper.xpfm",
      "sysConfig": "design_1_wrapper",
      "buildConfig": "Debug",
      "applications": [
        {
          "name": "FPGA_VGA_wt_project",
          "platform": "F:/Vitis/FPGA_VGA_walkthrough_workspace/design_1_wrapper/export/design_1_wrapper/design_1_wrapper.xpfm",
          "platformPath": "D:\\VitisProjects\\FPGA_VGA\\design_1_wrapper\\export\\design_1_wrapper",
          "sysConfig": "design_1_wrapper",
          "domain": "standalone_microblaze_0",
          "system": "FPGA_VGA_wt_project_system"
        }
      ],
      "platformPath": "D:\\VitisProjects\\FPGA_VGA\\design_1_wrapper\\export\\design_1_wrapper"
    }
  ],
  "others": []
}